2,Amelie
3,Anytime
4,Bellwether
5,Benmon
6,Blue Willow
7,Buvette
8,Cafe China
9,Carla
10,Cha Pa's Noodles And Grill
11,China Xiang
12,Chow House
13,Da Andrea
14,Danji
15,Dim Sum Palace
16,El Parador Cafe
17,Five Sences
18,Frida Midtown
19,Friedmans
20,Hanoi House
21,Hao Noodle
22,Jackson's Eatery
23,Jeju Noodle Bar
24,Joe's Shanghai
25,Joju
26,Kaoru
27,Kimika
28,Kimura
29,L'Artusi
30,La Contenta
31,La Grande Boucherie
32,La Parisien
33,La Sirene-Soho
34,Little Alley
35,LoveMama
36,Madame Vo
37,Mama's Cupboard
38,Maman Rockefeller
39,Mawin Thai Restaurant
40,Mr Mista Oh
41,Non La
42,OBAO
43,Oiji
44,Olio e Piu
45,Park Avenue Tavern
46,Parker & Quinn
47,Pho Shop
48,Pure Thai Cookhouse
49,Raku
50,Rosie's
51,Rubirosa
52,Saigon Shack
53,Sala Thai Restaurant
54,San Marzano Pasta Fresca
55,Shu Jiao Fu Zhou Cuisine
56,Soothr
57,Tacuba Hell's Kitchen
58,Tanner Smiths
59,Thai Restaurant
60,Thai Villa
61,The Beast Next Door
62,The Jin
63,The Maze
64,The Smith
65,Thursday Kitchen
66,Trattoria Trecolori
67,Tsukimi
68,Uluh
69,Up Thai
70,Uva
71,Vida Verde
72,Vietnaam
73,William & Willow
74,Woorijip
75,Yakitori Totto
76,Yoon Haeundae Galbi
